,Facebook Id
0,200402083327416
3,191951345253104
4,654428731755047
5,753140758104295
6,271702767909820
7,302259223898063
12,512144549784936
14,1397607283838422
16,1423589821124668
18,1884331445196611
20,1218838045165237
25,500803403303755
29,553449125530336
37,991233324579655
39,484544498228614
41,457536831590102
43,1746652152281195
44,184527025007865
47,1492426844356262
49,113227485377241
50,49397832461
54,714752619397834
60,3034193160034036
63,262162044191914
65,237380831368159
68,606404679395253
70,1308177639568429
73,3362222870560622
74,1068691496856027
84,199161587100451
86,2146032978983689
96,324215737729787
97,1394633037444197
99,324964977634672
101,64452765038
107,257750304698994
109,1403032449974768
110,1473471652868646
112,277488562600328
119,2200707813559402
121,249474009650361
128,314674898739066
135,495254203925142
136,593113167882895
139,241209870329175
140,1451791055074981
142,595075287312125
148,153588163047627
150,991983017657516
162,722484238209878
163,425755454286862
166,884812154879672
167,867221933628865
185,439593914126660
187,290182026107143
188,331054211616072
197,730978656914517
198,242624826301644
208,360029944332437
209,402950539745065
210,365136103653039
244,120406027551
247,129565903737527
257,1213372738845178
259,122926004478275
265,345426862290937
286,140362792703766
287,582060402167253
288,570168210126623
291,19446243944
295,278308723290648
296,327483931664744
302,265200768245660
306,1671347556432575
309,1480194568894240
314,1457057124423946
337,1042522335870207
341,191182860895418
342,818370594846309
345,1548960698666135
348,1713214222280573
349,94422302724
350,287602494441
351,1115725168451572
352,707773399256533
354,374456665986087
359,1854455781454006
363,172722266104944
364,361626340561740
365,2211649585
367,295630570632727
368,679256078852386
369,342221015864211
370,306437856127540
371,161381580548397
372,176509495767565
392,219256251431420
400,160764041422245
401,272177166304684
403,312290218972240
404,205679023128122
405,1085290641931405
406,1005180612884919
407,261022921380317
408,128693104359077
410,2746149955478467
423,224924055443788
424,838913339593679
425,1731368823671817
427,1309831499220084
436,603914396287608
439,305792109514700
445,489485644547582
446,507752389689568
447,1529368957356283
448,1490314747859036
449,1415162415383456
452,161391533987232
490,1649787515259773
491,372403129449818
492,325054196595
493,384869278296669
494,123485744431066
497,1705155593138102
498,232833630511068
499,1578543412412587
501,153907484762917
503,491496520947562
504,2231528442
506,13405436233
507,1547000828869199
516,1048032981878476
521,1376256609283095
523,369380176426919
524,2217713798455519
525,1530073763922063
533,1611598265548986
534,1569749256670723
535,132633256841371
538,216305951725068
540,670961519597405
541,267382421191
542,176269085748687
543,63104168598
546,230551923945154
550,273490386351922
552,5570048965
555,29759113984
556,192996360741634
557,2228707005
558,17409249271
589,452895892328362
591,691781720864435
592,148674858495043
594,2525392447
595,167578262167873
596,88473062225
597,186339608474466
598,768552279976912
599,314442402426987
601,103047478104
602,296365298214236
603,769102543175520
605,2249467435
611,691136861022446
616,477507005628798
618,101002553746007
622,398991070217602
632,630153780402598
633,47324588566
635,338305123939973
638,489112998451386
639,1809012039339656
648,558673631560548
649,525110868297417
651,1453701368270700
652,1127363767666400
655,692978741429786
660,506792226048206
661,157752404242251
667,92126774102
673,2147265468828775
674,2200099131
675,19701439480
680,218651654815283
688,608148606000180
689,196188591133746
692,2217606076
693,419281731614085
694,1179326209136001
698,133293400172940
700,1155207964568637
704,327013713629
705,131509737035643
710,264975277377892
725,901899050014317
727,72936998526
731,187444544692595
734,386732121671993
735,125625405773
736,106575842726064
738,446074308838453
739,136299309789666
741,1764486030449420
742,2116313878698022
750,865349813566421
752,483628028370058
762,118739334827962
764,234214110015420
768,1708856692733861
779,468554886653167
780,1921388201474022
800,1889895964635683
801,365831227113188
808,117888761642763
817,2011968789047739
824,1447231298643939
825,692332141642934
826,1006068389990816
827,485510761471169
832,528424017629933
833,154534540150835
834,343284684142854
836,404077997561210
837,713912949384003
844,1014314289005491
845,930182327496849
847,556644002069948
848,460192461316120
853,567232507175952
857,1507219279310568
859,1582530671766088
865,603654030148312
868,1453816238175787
870,180849926156603
872,115181050370
877,2726066347675495
878,114147055288820
879,1162256127178709
880,4576422949
882,1032495237169805
887,305201646259078
888,452681251572585
900,2528322184106769
902,679493148825890
903,121453621273003
914,1146706605421493
915,514611489432116
916,368487780378907
917,2204954201
919,204865756236169
920,1649010391990081
921,2202401767
924,280321405407007
929,478428532259280
934,356895748043495
936,305926473168065
937,335007266572129
941,1456680787973242
943,2929994807217882
944,408490622859203
945,418058435641417
946,103570066471027
947,99740023349
951,2260145161
957,791156767658631
961,1643619745873794
962,283762202797401
963,191111387926441
965,140933886100420
966,562132697462725
975,1686656984884838
976,808222832566646
977,25262968258
980,9480702197
993,400671723425608
994,204623489679631
1002,688631891176528
1003,548421239116470
1005,1445344892409413
1006,521972098704979
1011,1447499595279006
1012,144498622280292
1013,19982241153
1018,5422149684
1037,367617448621172
1038,784340258811571
1040,484072988379239
1065,1459626451014986
1117,471797229516342
1118,172962286444864
1119,3106885319332363
1122,473195192715077
1123,738990179451045
1124,185586834807279
1125,307358920224540
1126,926629131143248
1127,441857985978424
1128,195247137156220
1129,136494076561885
1130,1070581836357089
1131,2265925109
1132,446623308816983
1136,349393558527841
1137,568857940583874
1140,247593475342613
1141,874806519312850
1142,276170322915470
1143,3654569074571304
1146,2598911033671028
1147,97176329164
1156,450725908287016
1157,702142249875117
1158,1484982131819491
1159,22611984223
1160,240870552759619
1168,140906619319943
1175,116697651741203
1176,1274258502726598
1177,1715843775412513
1178,952560774766326
1180,602533906750488
1181,196913872019258
1190,151552484906446
1199,660180634137108
1202,586161548855531
1206,322305399651200
1209,856541614878450
1212,589104111975931
1225,1978445462413937
1234,95968397741
1235,957657981031539
1236,117993944949185
1237,462857037506325
1241,1020655934611750
1243,139716366049865
1244,2203438979712231
1245,295737728731419
1253,282414777044
1256,512908185513121
1258,159110901257961
1259,855424244578661
1263,1633626526898126
1264,974581709226459
1265,149524792401016
1267,212877903358370
1269,38888254116
1270,693608770819207
1274,42789862222
1277,1412362159085590
1278,199093666774462
1280,191499313075
1285,79777352323
1287,7346179820
1291,625862484752660
1293,1434756060075833
1294,730755310756003
1297,218175095938069
1298,3127076431
1300,2059580354268527
1303,170738154645
1304,658690794276321
1305,1857390561062912
1310,330593383938347
1324,40639528087
1326,749215515091152
1327,1143191116208980
1329,258857378857002
1332,379170245751110
1343,393227184882876
1349,1720373284875372
1351,2376018408
1352,147054988761462
1357,1877405709221314
1363,321614121279312
1379,2250057963
1380,134119639334
1385,125724497483077
1391,695515644147498
1392,75637987120
1393,726853990842477
1394,864232220296836
1395,228926587894742
1396,355560204891696
1397,560234304476115
1399,441489596766694
1403,803354803385726
1409,368385883339739
1417,422905651668648
1418,570198326719053
1419,118349844923049
1420,65994424601
1422,48183861402
1427,34233579599
1428,138610051965
1429,1326512177485209
1443,5092467225
1449,500655566750084
1457,427345217420265
1469,103346273062694
1474,1558826107718415
1477,395709973935398
1478,36663192769
1480,1074950805900057
1483,2821986477923980
1491,167665234832106
1498,728489971302314
1503,547414303355288
1505,231270390397585
1508,139607449389196
1511,702546773786855
1512,1706474769588914
1520,52515785919
1530,1661791363978439
1533,231469143691425
1535,1652278491721593
1542,1521978568120028
1544,126926805348
1545,73915624008
1546,765560047212139
1552,1101548940018348
1562,207380657240529
1566,362487601735427
1567,675140889969858
1568,194052565237142
1578,802209599888230
1579,768049096657000
1582,681099352694404
1584,188066542647449
1585,635594190337163
1588,49646348368
1598,840154182673068
1599,199070184160347
1606,699046930976985
1616,218162435639994
1619,438008880237268
1620,214286605693830
1621,1859806117663535
1626,502723917375449
1630,128893610480787
1631,586487568638240
1650,3606046532764585
1655,117507413082
1678,911120412395083
1698,884590251551848
1716,64694050483
1722,186153604916499
1729,459779848705401
1744,232310266079
1761,1780039928954673
1765,2364944950410298
1766,371360382999483
1767,360673824095685
1798,1029405360484924
1803,245643472148552
1808,288253834961193
1830,180201048694712
1836,459138058279485
1837,141167247973726
1838,286811472841967
1858,326038371674958
1878,276710712444818
1897,236434798671
1898,504816812952880
1899,1653320504915187
1912,766448430131184
1921,166297870493798
1976,30856461084
1979,173500099383300
1980,126055768785
1981,437021569734654
1982,218676792817854
1983,143931916201281
1984,3097561603589557
1985,45325456929
1986,392096817902329
1988,105042233266372
1989,146632705835283
1991,138866556200563
1992,509827473127469
1994,377796703477281
1995,1389089404566847
1996,252730601513740
2009,276432230379791
2010,313495736237631
2012,345511555498163
2023,208911266242104
2024,183463426930305
2026,9550978460
2028,2653005658048848
2032,455367457920792
2033,773283493241397
2035,666851876690340
2036,465836173767438
2038,446488109492195
2041,242607263034013
2042,207771609577662
2045,206476552837054
2048,42723885968
2049,1539684479619225
2056,302593567191888
2057,945577295516501
2062,11521810107
2063,111778158834630
2067,1478873899085834
2069,130936394241319
2070,1268390790032021
2074,1371412096369347
2075,3087395521486277
2079,473439256725723
2080,294184850914027
2088,1593968597525942
2095,1213530898736574
2097,290930017721
2106,62074084734
2107,1724429117823255
2108,828591577194568
2114,323961614790248
2115,694092607746000
2119,877091289068221
2127,1041264849607349
2128,238400147471050
2132,315598105608983
2135,346897662392935
2142,264533443653456
2143,2044268989154879
2144,500482370151772
2146,970331463124289
2147,56443742660
2148,1589550114523361
2151,340851883415569
2153,1305127329562448
2158,584693715328482
2163,124971884208121
2164,1428902250733583
2167,1084294831623972
2169,172513576441554
2170,258496227675564
2171,374027272780639
2175,1564019260609944
2177,918166958606886
2186,108345612628505
2196,1103152619710379
2199,215507873221037
2200,480844545445388
2201,420507635221908
2203,2204336031
2218,112860125427395
2220,417318244965314
2222,684418458777223
2227,106181346183162
2229,629815557920622
2232,1747728895454722
2233,106008762834630
2236,523041618269248
2239,1768982929914959
2240,1624438217798966
2244,1729133477107867
2250,236502017032292
2251,95983943100
2252,1900274880014799
2253,77495268720
2260,149338295148978
2261,275727382781540
2262,169565565128
2266,201412041855521
2269,612687102717543
2286,246390775384775
2291,644435615621226
2292,2004734743119587
2301,226522241141776
2310,136890049785657
2311,1548625668641639
2318,170345480112085
2326,376342219800
2329,1529868047326361
2335,326247377048
2337,398749233468417
2339,6282004735
2346,392068351180906
2348,5746302100
2354,411963939006687
2355,697776770738299
2357,1674032616233446
2372,358571867556404
2375,18891031658
2390,192175276390
2394,619917011515295
2395,527532551201161
2404,749238535608931
2406,250618892651792
2410,681230416016603
2418,215362895961912
2420,448772412332187
2422,186839968510
2428,106604076072110
2443,153780798020819
2444,1572101813084408
2445,2000672516650620
2451,388743404581973
2452,351048644952760
2456,146713812439816
2458,1153174658132555
2461,387425068040754
2462,483572241820772
2465,1611702585787284
2466,170997019621451
2471,261590000939775
2472,2460894697259137
2473,202599246830081
2474,669756953234226
2475,1557672614491257
2481,15257025129
2483,169903429701839
2485,19377514548
2507,900221287453082
2508,1662933107322377
2511,346511295459771
2512,941897449226017
2535,566593484228659
2552,80461856902
2566,1600863026867572
2603,48744580947
2605,110326045663993
2606,1260592904024911
2608,196376910459
2610,54444094767
2611,172087664497
2616,271569709536632
2620,695715213918562
2645,435387227648222
2646,111623832609968
2647,366546761249552
2651,612967822062458
2663,992815237469754
2670,436284870867755
2671,195470937922407
2672,116809993914764
2715,117062998492156
2717,5151132258
2718,70674957696
2784,954459998033410
2787,447147275307558
2788,402236973158574
2790,236951459676532
2791,217815651667481
2795,58454636416
2796,544784119002538
2797,378006645542769
2798,144187532330217
2833,485571574818908
2837,709658399181772
2843,143068592384545
2844,1519621328303465
2867,227135927333578
2868,705716229491584
2870,1738426583038746
2871,545367955616591
2875,295037843924750
2876,541974782678664
2877,626880774027648
2878,258473730854473
2879,378038322217719
2887,1378118902486714
2888,2044855785749452
2890,957110807684622
2891,1416212521979183
2902,872568406227359
2903,774257346100673
2904,936732479868784
2906,197316310375043
2907,499968280156272
2909,83379551435
2921,4954577513
2931,159637701339726
2932,354248063696
2960,929141523832246
2963,358599564868959
2964,219072197013585
2970,1386857534665860
2971,199380494537770
2972,686416788040835
2974,2381085405489547
2976,194467769550364
2977,707665996629557
2980,700364267198564
2986,258313118219765
2987,1600234456800812
2994,2073310702795732
2997,919660881446886
3000,908535192513805
3002,290924794833630
3006,472679237347842
3007,506903180645206
3008,779170052671962
3013,2453688884878885
3024,918054358526588
3028,566314497204967
3029,653080745616633
3036,1001227667054966
3037,267428837831289
3040,217673096508742
3041,1821553121470671
3045,673995546401854
3054,551796385254363
3058,386511528642516
3062,450840498954851
3072,783262395647259
3076,2503061686470503
3087,314366362400561
3093,731912657740204
3103,295296658279963
3115,1539621489583116
3124,2938901206238587
3136,2274935456068150
3154,1176976762312333
3162,137644996223
3163,185195948791537
3164,814595222005391
3171,1046115939241194
3172,2251794171529560
3180,439781116631177
3195,2411318295780340
3204,1393646940963713
3207,171281038432005
3208,1925285014297097
3219,408776619505548
3222,1223446537700675
3223,681411242062750
3228,402311687741251
3236,2208299942820043
3244,386398641394776
3251,381749908519320
3256,1591873794412278
3266,283779313272267
3271,359404304500730
3278,153777041300285
3289,45860562011
3293,70193235146
3296,885680461495805
3303,622046481579146
3304,332899850700730
3313,1669887089854851
3316,306321612798359
3318,9550784359
3319,1676451899037487
3331,457164131137204
3334,1595615977432403
3367,1623856551171153
3368,1099899936790942
3370,323921444972949
3371,557811104279260
3378,2410799938945336
3403,1656870424579525
3405,1721416761501946
3407,1648517758761694
3408,123745897819897
3415,196730146003
3416,119209981441970
3421,1486013325031328
3428,1775079846168017
3439,751890081595539
3440,1898894113692278
3448,200388251275821
3451,288548411173094
3475,678729982535251
3479,285431118219729
3480,77967651698
3481,51232664482
3482,1091399397537821
3492,1459060751016742
3493,334258270750542
3513,1745713449085734
3523,1384369738302221
3524,338240510018594
3527,45265281902
3528,1671599213166390
3530,238640243164106
3536,320780456055460
3537,587557075843501
3538,465824760124931
3540,427012068423194
3549,144706286399964
3557,1675502322728328
3584,1904450216506201
3588,44856885677
3593,1966166143651663
3603,448684751865037
3604,34633813637
3613,1633244703596779
3636,1169379153153003
3646,1769847336561112
3654,1875936029284938
3664,221930814805562
3666,681504261984188
3667,402221106796989
3669,102546573459348
3682,970381593496306
3696,1109348729492792
3700,1262693360758562
3705,655369798448173
3722,630655084419904
3732,830428897481745
3758,164862667728933
3763,1786477494790557
3783,865482066935458
3785,546119275738961
3787,2247491262004054
3811,562289050985988
3812,92192991086
3815,207002419476378
3817,462696327233294
3870,48010586800
3888,748981625231655
3895,45528018898
3897,679804418822029
3908,581652768709833
3921,239424272900557
3933,1725368097766818
3934,422249761242665
3942,2264996057072090
3943,373359437859446
3944,1204080516450755
3947,989045547833231
3950,2294745964099241
3967,446733729066530
3970,653191384707040
3972,172849290810740
3973,111786575522244
3974,695013277771068
3975,1626046224201344
3978,755968128560517
3979,412732863023263
3980,2053167961673267
4002,291164085315526
4004,1517009418587320
4005,117215918436974
4029,311280025625332
4032,1724148141137839
4033,2252983104927571
4067,120303694731924
4068,180643835706446
4069,269338180285190
4081,189962776530
4085,139443493427
4125,2656466951116889
4126,345856122517555
4127,274066265988293
4128,151464594916282
4132,323202181548422
4134,2185094725037309
4217,218491475160379
4224,1532965650280945
4225,1407115236230659
4229,523179361392094
4234,461105544015960
4237,1249642648494812
4240,85549696436
4241,192321227465884
4247,252871018074066
4249,82929568831
4251,164276180286522
4252,1479717272323551
4258,345063036072299
4288,1794662710783526
4299,1713129642322780
4335,525759720889205
4336,175265935946964
4344,139572653424
4363,114058849680
4383,1607542502597512
4385,230773827428861
4411,1743631072560735
4412,651125298407939
4420,348457368537880
4421,564065023741263
4425,935450479869137
4428,191560324227301
4429,362430193847055
4438,31575507865
4446,1521643404808889
4450,288675419815113
4453,876111416298362
4457,2248793125197951
4458,315372510112478
4459,628205720597092
4461,588529211478498
4462,1799836963424946
4463,192045744192699
4465,634932267220989
4466,287322706254624
4467,154423097957223
4469,38999163619
4470,493735461615933
4478,1270470826486889
4479,319178208660231
4481,1241564609191408
4484,444407852828656
4490,2251567422
4494,125509040846744
4496,163612894105863
4497,1048050705529937
4505,493958504113437
4506,1003728586427182
4508,118794954860457
4515,314797079050133
4516,862174804674781
4522,1086836385030368
4523,233220011059087
4527,354903428174002
4528,453609639232033
4535,1099070940163988
4536,876766409079078
4538,159437624763941
4539,331538900552703
4540,778495549343930
4550,317978385354490
4551,194348523992014
4552,223056964417186
4554,105795916115616
4555,2485741634977758
4556,412715803033372
4558,1066207743507888
4559,219009881490664
4560,190175810997151
4569,113582503667
4573,1932821746893968
4585,53779752590
4587,2045976795644286
4590,372426220664940
4592,267936487511689
4594,104610743565
4599,322055931321074
4600,100232693402583
4604,204925749578564
4620,1550688355226759
4621,2337157886
4637,146824285345175
4640,445202335672786
4646,426616098733014
4647,2631259680465257
4656,9759656708
4659,484660221733973
4664,482484839291570
4686,547790531950250
4687,368170983393188
4690,2254069043
4694,2650327795220157
4696,435100860811471
4698,879733018852973
4704,239454269426000
4710,197725250259847
4714,149791921699060
4732,232902181751215
4735,474549380494579
4736,4108858669137503
4748,917065645082063
4755,224984895481279
4772,222510174539264
4775,18081913069
4776,1541989406065451
4777,30112954846
4779,795538003848410
4780,57495187397
4781,44133003115
4785,282708145154360
4796,2337146729634895
4801,1235345133653582
4813,514076042121634
4817,208272224866
4823,223116741047070
4856,258744736397
4858,2953210721360626
4859,1205361142897173
4860,264296850327874
4863,1445003455809974
4871,263972683648614
4872,373555874918
4874,2226192225
4876,397023867386127
4896,291427658637748
4900,560950214070329
4904,335028473325813
4915,478767522831045
4917,253694581424979
4923,38147424305
4932,334184046769047
4939,125903934150217
4942,92237356637
4950,226318364444727
4954,1887861324781887
4956,346799132328756
4961,290508337739558
4962,1724681417776837
4967,144450175695288
4969,366021380121771
4993,118504404852677
4994,182112725320698
4998,272548539433526
5007,298054903624217
5008,1249931672178993
5009,255572777835614
5010,299440658441978
5011,2204706507
5012,231429296926738
5017,439978646728664
5018,860820550665025
5020,885569588601262
5021,1818784078364488
5022,147974539052757
5023,126253717408001
5025,967275170010983
5033,1470702829810242
5045,3083870488371867
5053,2333896533387448
5055,106004959567332
5069,625221258805794
5073,2261819827378027
5075,1525329087796915
5079,1680545588831637
5082,437793210168869
5088,241482368134475
5094,2272851473
5097,14688687990
5099,311432946120968
5100,2684456835127561
5101,331782961473386
5102,4294814525
5106,1961923117388432
5108,402892394785293
5109,827704987336956
5113,1426131117608915
5116,833531446772542
5118,415950429235503
5119,281300189072754
5120,478856756314846
5121,108508151066
5122,424632230897304
5123,806308402773616
5162,1407617339460665
5181,179090502208830
5182,511174609805780
5204,36906887940
5206,237597351700342
5218,2846941732196733
5219,2443122009093223
5228,269457186766602
5231,2205015620
5252,2265897900318905
5256,1697223540511940
5259,1041435122637500
5260,1066634890135590
5262,1852617425025257
5287,2253533964865988
5290,473534082762907
5316,56471652657
5323,179953093291
5340,740612765957133
5372,1555551364704418
5374,200290590022454
5375,12018208090
5377,116356895089329
5378,4878612835
5381,92167360359
5382,313315701249
5383,182217598601770
5385,316259899455610
5386,2149320368644844
5387,390515729786582
5389,1325318670899727
5392,272818112836015
5393,1583654081886796
5396,238271108461842
5400,2225793894224670
5402,174812583773736
5406,42492261895
5409,825762998004232
5410,568626290015402
5414,376633799026454
5417,1775958025888935
5419,104176453312292
5420,1824287377710026
5432,17801886181
5436,507646789770416
5442,579731632157951
5450,1573740586358030
5451,787758338331920
5472,129058253829215
5484,24341104958
5492,101554744736
5510,1044508466137494
5514,10735877375
5515,1379763362246193
5516,1625542474339921
5517,356888976024
5548,916395661831082
5581,1202571436523926
5586,290345189599995
5588,187964661721729
5589,71229859755
5599,895059444622076
5600,159891182327265
5603,593377947396810
5604,897474720323969
5605,2033430630314880
5607,468223996647945
5612,191003068115247
5616,668344809944588
5629,1736397829918785
5635,189345148814163
5636,132078230183513
5641,1624138937745810
5653,169696103686149
5658,415369301957440
5659,21284681577
5660,473867559733086
5664,152113711520571
5667,881422478573528
5668,1008799356395262
5673,188656678210085
5675,550165529281388
5676,2463546823908701
5687,2881541402115963
5689,1190517984388668
5693,423144414960895
5695,406844772707563
5701,1583407628632402
5702,551067061647465
5703,38978701272
5707,445093316361001
5708,911073909090690
5712,132494243457653
5713,889946448428781
5715,207040149885853
5716,518805481471381
5718,199849692677
5721,230290020330044
5727,2622724871126465
5728,298356970232743
5732,378723408865844
5733,388740358802484
5734,349395659601501
5736,224994148693208
5741,848046918637784
5742,306156546578100
5743,471849146166214
5748,780287242051655
5749,591462864865405
5750,410320149377730
5751,717685735036160
5752,665966610174408
5753,423088134390818
5758,857304014771972
5765,539551966109249
5775,128254080539002
5776,176551689183477
5779,228018770588067
5789,1595072987474892
5791,185851245380926
5792,495305450833132
5793,239357142936699
5794,315230080077218
5799,234540077897482
5800,23189916539
5801,20412530936
5817,171547034149821
5822,147551202027338
5831,150389078491507
5834,914822605234028
5839,380175822633786
5844,681458852012045
5860,971295206625898
5878,149096085226057
5880,2620480139
5889,88174368413
5890,184444248946669
5897,400287663384215
5898,923936234454725
5899,239106716491475
5913,538472724097602
5917,13421515441
5936,832568190487520
5939,1223649384316739
5940,694882191321210
5946,928972827192263
5952,730595890406568
5961,474394289301952
5980,662318987829275
5981,189416855175940
5988,304172833993842
6019,523861904649307
6022,2735908323159289
6032,21129798286
6037,204927936337160
6043,135474714465997
6046,114570665807162
6053,1382141815531234
6058,294180524575211
6064,157024334907676
6066,176505649406894
6071,500404197419178
6073,651760918255866
6078,1113660532314858
6083,338798846745243
6084,370949763900536
6094,99587958198
6095,365962057225761
6116,1645456212344334
6117,693833678071101
6124,305114090469745
6135,312115338936814
6153,709920783126455
6170,1687045708261360
6176,624032638365340
6198,7543691050
6200,3710519102350539
6231,353234001823822
6233,1204666772916238
6242,46393651212
6280,203158943086439
6308,2095643067408544
6309,194754188044612
6310,462373923858127
6315,1325144334497255
6316,687330891329605
6321,953892775075332
6322,159040705521453
6329,45424222631
6365,568405537925895
6368,364594640557524
6372,2007428072895178
6385,267052401282381
6386,280040655873720
6387,666233130796557
6389,487002821402359
6399,495391780647794
6403,452447678273282
6405,106757141724
6411,467170053785628
6417,926792194478995
6432,616239063104807
6433,393693385025471
6440,306393179510829
6441,222255184516910
6445,331174947254900
6447,388438271239724
6451,314297001187
6453,868026997050979
6456,69884668232
6459,179063134437825
6461,1192522277501186
6464,124206814329972
6480,1264167487113430
6481,3190619617661037
6487,72640092112
6498,142138109172178
6499,314981021848723
6511,296299961675389
6515,205643336123562
6518,223584935676120
6526,204679763462899
6534,3430686137015919
6542,1651346548455755
6547,2219955443
6558,3315362441885075
6562,235116553172869
6563,48502770609
6566,153786777985609
6567,2360587524205414
6569,233868990368216
6571,2310105899212848
6572,321530119093229
6577,1420059621524628
6580,457757712047315
6583,346592960079571
6590,1656471527930358
6591,212206202177469
6594,133461000076262
6597,741625713178408
6598,492642038402174
6604,489325604574503
6605,154632578242822
6609,1566934706954589
6610,267655636584434
6614,2306014942845248
6620,549436688808339
6623,1367784460074403
6627,1489505654608245
6630,2394995395
6631,199860170047995
6632,966815690053084
6633,252019828274423
6634,371838366786709
6638,173180360087988
6639,2411855418925383
6640,245622718821619
6641,169634791859752
6644,993961420769591
6645,1720933211546810
6648,436259809911229
6650,336990570004566
6653,519386168216897
6654,44250583314
6656,357058515066
6657,272356940952359
6658,730988613759879
6664,187989824891788
6665,119139781501292
6668,157089414330430
6670,996198363744701
6672,504284517701503
6675,1453153944902193
6676,1713712108934405
6682,741546192617783
6688,327296041696843
6694,186491771885627
6698,366850971234151
6713,102637272277
6714,169516963470086
6716,1616378122017646
6723,1337721703085150
6727,396017010782358
6730,127605537291513
6738,591341375174506
6743,1747231378894457
6749,386149788080753
6751,612902932075959
6755,2883968371863079
6763,413635193301488
6778,880204312026964
6788,1625372384410226
6790,131607100244749
6793,747214705640842
6799,2671461203165472
6806,1787244781406351
6808,526396531335580
6825,525415834329416
6827,1695369474092831
6828,274613202698222
6829,1841303819435139
6830,518253102303210
6831,470191676468075
6832,26759109904
6843,324915194372329
6849,245812549415573
6851,1840958586141287
6852,189060775506398
6858,624349561598271
6860,343479136823055
6884,551142648998224
6893,720686208002055
6901,1387184878294228
6904,49699788615
6905,635349589985016
6906,590331954434547
6907,498484771926755
6908,263731337944142
6909,41723897062
6911,140846788220531
6912,299988663726746
6913,719301678241309
6915,568794116926526
6916,787804718095662
6917,250565915399349
6919,5331134484
6920,362965643799929
6921,495192000651165
6923,910467255676940
6924,914261078719514
6927,1615675192075720
6928,262950487144264
6929,926670887394340
6930,1645109922399029
6932,1809091499308970
6933,669178460545870
6934,218748374917483
6936,1440899039257984
6938,614280442018479
6939,57474086151
6941,326262484522410
6943,559138530813220
6944,128265990586832
6952,1713910042172751
6957,95611986640
6959,64009386688
6961,256938471021847
6968,670692396399915
6969,557561627596607
6970,1072779112832082
6974,807751705970646
6976,682574859221537
6983,977065945711692
6984,2074111425939892
6993,221297351242204
7006,105913900045156
7007,244604839052003
7008,1565528713764333
7009,956573928106410
7012,1819994198252225
7013,1444317225636584
7050,52073456281
7054,80468224371
7060,1760257500890887
7061,189686975145533
7067,283940158923005
7068,2281461715490986
7069,1152451401467896
7082,21121563786
7083,65777571328
7099,650072078388830
7134,273285239406907
7135,18090111024
7136,951543701560570
7137,1398233780496715
7139,709064889828955
7140,423121764390042
7141,504143656428853
7144,1482418808575135
7148,2026107574271753
7150,180303349026745
7152,1726744650887825
7153,402953133419294
7154,558402211017270
7156,115622398477529
7157,175227589259859
7170,303637130648696
7171,45223646440
7181,700052543827246
7182,2947114782195565
7183,1160566154281438
7184,502021683822558
7187,472243619604919
7193,1448772401927707
7201,746075012169060
7210,301895763780694
7211,418729424970229
7213,349184722226611
7214,210182802329709
7215,273422009410933
7218,2635819413348735
7219,440692942676800
7220,2680274578959422
7221,604398102967589
7222,2212461806
7223,279840165384961
7224,182119008587323
7225,145401045588878
7226,219833558043920
7227,270182753997
7228,184169415325037
7229,109965965501
7232,142389869453618
7236,294107721464594
7239,84446184173
7245,2229644962
7247,194163591875266
7248,1630649423874053
7249,335537483283017
7251,177224456400110
7260,1636187133312126
7263,145425538835098
7274,671125766600720
7287,1054477331337163
7288,463712150461101
7295,1562219174044459
7301,673275066596175
7304,267546499980813
7321,1577626765858188
7323,1169874463081341
7341,1518148951776544
7348,835332369873867
7357,112440465515924
7368,1551392035129844
7369,1500056796968924
7370,114006071951961
7374,102958533499093
7375,253686944963325
7376,212806195444037
7378,738546262872256
7379,812082965486675
7380,2663729240529876
7381,204306393969850
7384,1575804459173234
7386,2390442149
7388,1872027139772468
7389,2358800367730350
7394,1063573817127094
7399,116824441167
7404,110264652341599
7409,997782990432459
7410,282596575259598
7411,586504785799196
7412,910666582323503
7417,388561711960304
7422,1535586233136089
7431,230672740472444
7444,708201035868818
7445,1093430307444068
7446,3078649715696647
7447,152783431430438
7448,3457157171065056
7459,403194883079940
7460,431869137013783
7461,158786144784911
7462,1436386543240976
7464,514511402076096
7469,129326171020624
7470,1380269485547594
7472,233897200515081
7480,367447060014702
7489,1525400757723643
7490,684832772087372
7492,5460488357
7493,132637475343
7494,266103211220686
7497,235508173269859
7498,285530371548525
7500,136494317769707
7504,371293479631182
7507,321306641634348
7509,184544855810774
7512,499621466787933
7513,123799691033178
7516,2229358407341388
7519,1511191709083039
7521,80466465571
7522,476824919632077
7524,359587484514805
7525,210732079060530
7535,738607110278386
7539,396708870516001
7543,113555775276
7547,207127813838022
7548,1695517617408986
7551,1590700154526775
7556,162903370899680
7559,22176554776
7564,218608966098457
7576,965804766867988
7583,23185607176
7585,56252534318
7586,1602868429876329
7588,226933272005046
7601,232499470102688
7602,14832736289
7605,405913756908263
7613,541349236738597
7621,269481496407269
7622,1155804374947010
7624,130294629010053
7634,1035462133174369
7636,456452874870769
7638,1719909918256705
7645,251412129795550
7646,148735117069875
7655,672547539773968
7670,538471260898753
7672,1419682501381340
7675,2708250405872253
7678,200243066746700
7680,197397433755735
7681,452674101504842
7682,252191201985263
7683,484348863169556
7688,109057696506
7689,474248866240027
7694,47462773128
7696,974917602947132
7697,165803613609656
7699,1159721964102499
7702,998030996900714
7709,1599866806944383
7714,1711666069058398
7716,445416999552836
7717,2890302227
7722,198608810510782
7726,1991885561085813
7728,957349537680824
7739,939609896374137
7742,40208962361
7743,937756189698503
7748,49490160621
7762,304072103023220
7764,138436382898376
7768,1603801079706628
7769,100286480419952
7787,272575590969508
7794,1511064235834836
7821,1933861383541957
7824,727338221441997
7833,812707488806691
7835,107624535950927
7842,514322412055882
7843,1490500274577555
7870,3242714619103290
7873,1501552819983295
7877,1597439513607396
7880,905890209496558
7881,1451938561607196
7891,1041432419213682
7904,1022929071051848
7939,197734574385292
7942,322782682206375
7946,17446297746
7947,609914795800781
7953,1832503660316518
7956,1580703442254735
7957,278808429125814
7959,75483039055
7960,1592734257659285
7963,105682839875837
7966,120282318015774
7967,340698576123373
7971,215349008517135
7972,8387490086
7973,198868298225227
7975,14486077266
7977,134476403246933
7981,259885967541497
7982,510213595710702
7983,1684528911834147
7985,204776872925305
7986,1445110505760793
7987,918788438869553
7988,361590540565696
7989,471911836255863
7991,2021146228121097
7993,708735826738463
7996,697689596979025
7999,8288678933
8000,652913444856304
8003,625892294217728
8005,287257536377091
8007,169865400515628
8008,226525874096794
8010,606370926162416
8012,263366324398496
8013,120019078078481
8015,314582562068447
8019,112838682991155
8020,178968275490388
8022,197624643745929
8023,29244040921
8028,674830316003651
8029,260991187676501
8031,460052517482654
8034,441438052640519
8038,474628816489510
8041,38709598600
8042,240098362684435
8043,568000273781837
8044,141191322693943
8048,188987405718562
8051,139708466093857
8052,1473694156179277
8056,107922647745
8059,468617086680948
8066,861123167314106
8068,1824286111126123
8073,163913910334648
8074,1114045885388777
8075,2231723482
8079,259967110726240
8082,223485709494043
8086,605711830065095
8087,1785100448428366
8088,569951910078731
8093,1908242742733634
8099,1489427164653422
8103,488690227907253
8106,381442902450328
8108,625446394790600
8110,177159120052339
8113,250364942987768
8114,296864290507541
8119,2381822388
8124,664622650603349
8127,182871855067404
8133,250615726754750
8135,907937789736473
8138,155756321103350
8140,659510864254403
8142,370654090014511
8147,202626509750180
8150,142331095965199
8151,144100102308988
8154,522128604564711
8164,225392414185859
8166,731682270188112
8181,221769394524515
8182,1747182728690193
8183,1495574440750380
8184,1059964067467304
8185,946834575713082
8186,255724678351987
8187,243687232345619
8202,21254543600
8207,5153553615
8215,491884184315532
8229,1409096572719651
8230,20790342918
8231,5266550317
8234,56216438774
8235,529702590412122
8238,628504204002341
8239,143378929042492
8244,217092440060
8248,285505306796448
8250,2807008316214350
8252,889144244487344
8254,109237965779691
8260,3434351196588892
8269,2569920019774328
8275,566158323760605
8279,339934023321
8280,220187362837
8281,71124634195
8282,25937072860
8291,2972317802809689
8297,949856005091507
8299,306823432945
8300,1866809020218295
8305,146884050887
8317,157059221012587
8318,2414593380
8319,178684588833500
8320,244837708896139
8322,175284002512511
8324,191194544315351
8347,253539308023856
8348,936250707167425
8349,1820865041351673
8360,249500702476414
8375,2662826407303929
8412,705055126288644
8413,72019663247
8414,153063898060722
8415,190274801934
8416,246073303423406
8419,602397603233788
8432,633770530493257
8433,392595230815025
8435,314382252260619
8438,243190662396005
8439,131235885596
8442,160078007705584
8444,43371473242
8452,483735911756843
8455,282150741830184
8458,36856235408
8461,1469260749985846
8463,576798999453976
8464,1447578962157726
8468,2216541795
8469,353158961548368
8471,2218424941
8472,522869701066107
8473,199305200089219
8478,2252719091523422
8503,22339793040
8508,474344266037938
8509,1207871569271738
8510,162025827252035
8512,828920850504662
8513,133428930479
8514,1412691842339229
8515,105692679508411
8526,664082633668915
8530,1492764524348748
8532,356920068124636
8533,1840862356139476
8538,354436350026
8544,106906467993
8545,209271535848305
8546,519918888146391
8573,423861528301895
8575,500855240776290
8577,1904434253030449
8578,858028681315183
8583,1210044789086154
8584,5530639373615537
8590,1057041281338872
8595,519504981506007
8611,2801525576814324
8612,787428438400374
8623,190507747809702
8624,65946594240
8629,1626312540969760
8637,1114652208613329
8639,421914841193084
8648,173572272984782
8656,608442532502019
8673,262371874472178
8677,583735475781726
8684,486625688347330
8687,294077417730139
8689,270817936775119
8690,268810033220427
8724,270108637344393
8727,382633808973511
8732,240183552743150
8733,674676899740870
8780,220378084639110
8807,139962858074822
8837,891302310953758
8838,358836640977241
8839,5218878684794646
8840,122712235024223
8863,238727422829225
8876,1052284415271761
8877,193327275400518
8880,263750327958873
8881,2557126217948530
8882,720029938038711
8883,1482021145411543
8884,392787237452844
8886,328024110600916
8890,2211801116
8891,79859240800
8894,615115215747826
8895,256491741140777
8902,2318451361700969
8904,698211776949741
8907,757257935061443
8909,962818063809573
8916,973759280058283
8926,785842168224730
8928,244371950064827
8933,320102298105204
8936,658067074327834
8937,313418960352977
8939,1049541912070308
8941,437507607396799
8945,640150683553237
8952,752715095112335
8953,724689321005771
8956,324634297734242
8959,2248916528555433
8960,674981102526825
8965,715944405280416
8978,233205867956750
8981,1604392623189460
8984,1721755071389698
8989,719022062192384
8991,1265184216910200
8992,461027597394611
9000,418206785025355
9001,233236783457551
9005,556567944515121
9008,881214605308837
9009,1445702695580923
9011,670964296321771
9020,319062909206999
9021,108561766473328
9023,851875002048867
9025,204588546253211
9026,191076218214163
9028,185742152630
9034,141075869419163
9037,111210742294512
9038,691040948079576
9043,233300810415318
9055,168226326537927
9065,1831689327112257
9071,301283494360106
9078,75509399798
9080,1895412730614568
9086,14620149922
9087,440399226125959
9090,111800878835218
9092,347926518633655
9093,1063254273809315
9094,399514536776698
9096,59682014296
9099,2997701996960765
9101,13620824700
9103,248324222210965
9109,494011627446729
9111,892337324222400
9112,1508485429454462
9115,529757453854849
9124,176597705813275
9129,372665959472304
9138,1616839791950446
9141,1717304825205541
9149,28764777244
9150,93903110974
9151,182737625710064
9153,625003380953079
9160,232829120093416
9165,180511045449711
9166,870260396390785
9167,697703333608128
9169,750470645160655
9170,794162080697374
9173,119336878124163
9175,879438652576329
9191,1440161802907883
9192,2130682720385830
9193,158472020859997
9198,2913049548
9200,1215377651857019
9203,193582210659825
9208,287809153789
9212,686730454747859
9214,496910621174485
9223,1125839104101612
9224,928229940556250
9251,351132811718222
9252,288122260732
9253,279832362758938
9269,652034911809410
9278,895370997292907
9280,2073095026309217
9286,160293738132
9289,632720926841211
9290,2215968304
9292,10772990431
9296,1272321443231552
9304,987911882157125
9307,1307675295933193
9309,120570871297764
9310,117391668414856
9316,262360048236620
9341,386227102749125
9342,305345330506828
9354,133897800284368
9365,881562432044149
9371,2917079745058488
9375,2561867517466979
9387,2875398089405861
9400,981747782248752
9401,186969457954
9406,1680456932198626
9408,452555828108752
9415,3195016037267773
9417,1941112742884469
9422,2440735559535984
9427,1549848768563840
9428,195030160519444
9431,1422465068023794
9436,292776307513430
9441,329647913893702
9442,215684591806716
9446,1829696930637570
9449,1525997927645224
9453,593322904091914
9456,1037366019627963
9457,46490187434
9458,577005659004588
9459,887446597951910
9460,557034710993039
9462,52820376497
9470,362495514373255
9471,255715045736049
9472,229279484191710
9474,918515251576962
9475,114311962002268
9476,1625434244378691
9477,454324758077938
9478,60745088693
9481,102185263205033
9482,137537096279257
9483,1633225530193010
9484,678220586294866
9485,1575418045967266
9486,1900967356624737
9487,531206290251498
9488,224668630922924
9493,382832638403990
9494,537951306309924
9495,426766620864886
9496,244218715634767
9499,382431663714624
9507,2061989747254970
9512,704185176698656
9513,89208215759
9516,141331543432
9517,977268809056086
9540,1227322521100267
9549,2200062203
9552,8822371628
9555,1815656485164096
9559,506400222865810
9561,228850650531473
9563,214959418447
9564,126193446192
9566,533815266661341
9567,263260917051752
9587,1496478887277575
9594,309763672777977
9595,2895354600483116
9600,373298426186473
9608,207374292719124
9614,789800911165213
9615,448665801864141
9617,643764962314105
9623,278985065628120
9636,1140823855978769
9637,240241605995109
9647,140688042676492
9648,129205730533024
9655,1067469413285103
9665,462586087848791
9667,4184740791537592
9669,340326466671864
9670,1708897346030283
9672,1123488890998895
9673,353698054415
9676,570682080759187
9677,688373514626911
9680,124739264371283
9681,623745401461829
9684,615941691930150
9685,513869699386002
9686,275979726366286
9687,347801252245787
9688,211152562654450
9689,2426060594206398
9691,2445527419052666
9693,1689112764672077
9694,172895606800
9697,1166106920440331
9698,301024073262911
9700,414361085408635
9702,1378018252527406
9703,2224711274235949
9704,814754475330754
9705,1565155940419227
9707,1680501652207653
9708,155539764478666
9713,332218314495124
9719,624062514403488
9721,839141856152989
9722,728849010503898
9725,392240587511690
9726,1419719024938273
9727,1210553022385183
9728,426683700826009
9735,197539475106473
9736,686374178052478
9740,1651231331775014
9742,790108904345088
9749,963259047485424
9750,519168704955927
9751,349349712142
9752,589250201266648
9755,1668178316779266
9758,1051271854930893
9761,32222845193
9774,711224249886422
9779,369092986819745
9782,281196485359131
9786,1060664587699091
9791,66173451825
9792,200706430307922
9793,141435996348602
9795,1709151549306528
9797,33724176395
9800,1880811285519018
9802,95332148057
9805,678803218944106
9806,82218547882
9814,1883211201905753
9818,656667367716042
9826,330913644556570
9828,1913044222149937
9829,235495643449526
9831,236325626408780
9837,269349910231082
9838,558003781789139
9847,233414543984124
9851,166937487383176
9852,2204572194
9863,49659931348
9867,11446501213
9868,131823093583032
9873,1635827486708309
9875,1030016267400872
9890,2451073698501102
9892,11156342729
9893,163936000988786
9894,365701136912568
9899,1071027692917703
9901,141013602582458
9902,4770638813
9910,1854583241431093
9924,787238395176820
9928,1041527732655868
9933,45454848644
9940,475662029147465
9942,490631667791101
9947,1653833197978289
9952,1040354776384679
9953,891782574675687
9958,375587046513648
9971,1050184701781068
9984,1044545618907851
9985,1392924197625169
9994,617004738400414
9995,7795756535
9997,367888729869
10021,221340295858374
10022,1505947649587583
10023,299744440102954
10027,318279614919040
10029,1955665564689864
10030,1844023329258295
10044,1693992094246393
10045,1564338533831248
10047,193796748065069
10050,8895754974
10059,23694574926
10063,2210442005711566
10074,493488371035051
10078,1537072963058708
10082,236424813642750
10098,2644158909245632
10103,1839578589512433
10104,1490068811281274
10105,1395441817347270
10108,506732256019188
10109,2635737100084778
10110,115835087032
10111,6463343125
10114,598511017215247
10116,164640460685487
10125,2211967223
10130,1766106866992838
10136,868419933233019
10138,574666445904407
10139,520932878451130
10155,2554369774821695
10178,78454602418
10183,1440065266019222
10184,848435872307367
10185,1036047659760946
10186,225718794789338
10187,1563820263921880
10189,846064272147864
10192,180730435858065
10193,97025156796
10196,103926573385520
10197,235751773202243
10198,1940053559549835
10199,213434739455516
10200,635972456744754
10205,249713738462144
10206,746540582134507
10207,143769792693953
10209,1692547400775009
10216,31474715736
10238,983768395052919
10243,2446813023
10244,44916402445
10249,239186536515415
10250,1490723497812138
10251,393849354144542
10256,1423183141038559
10261,404580206889442
10262,1211343839209577
10269,61613942455
10280,2892412290860554
10299,183162682328718
10308,533197757238007
10312,321712837878274
10314,2086716311611243
10315,1665805167021073
10318,642212362510626
10320,109487112407587
10321,102229759924567
10322,78604449572
10323,46753464650
10324,28226041174
10330,2721129151439402
10331,1697934587186374
10335,12812907842
10338,2497001797050074
10339,133800220098
10341,301233273868323
10359,159945021143991
10364,5244638799
10366,177599239614653
10367,1661867270696389
10384,361804704029760
10397,125162887532951
10405,368801719817966
10406,910855155628396
10409,299363303415194
10410,2944726572471719
10413,2514361335540641
10415,476637432487704
10426,624398958175957
10458,514305559417669
10462,199822671210405
10469,1208614899156036
10471,149690352531847
10480,1023578324342787
10482,599318230456725
10483,408946412913898
10484,333780409968574
10485,169049013198128
10487,1476846889278854
10495,281465158958849
10499,1746393728718250
10501,372640718328
10504,1450230108606302
10507,2233002524
10509,988928057796218
10510,2470758752949582
10527,134766656603628
10528,476416552437948
10530,485339144986555
10536,1986855894866541
10547,273396389344589
10548,1023047144396513
10549,115805452141
10550,8071416222
10552,325785144156523
10570,858815870879337
10572,162282340511361
10578,2204757689
10580,43141825609
10584,185251021530723
10586,709641639075079
10607,206264606504634
10618,351261715030554
10624,135846143235096
10629,1670015569936635
10638,457246725912214
10643,208784532565082
10647,4299584623391044
10649,998305877271109
10653,361400443925660
10660,244769603381534
10690,592015608378462
10727,310585890079271
10739,435782896764157
10740,770448599784819
10748,685512271854196
10749,1547072965508176
10750,1639135866307735
10762,2134306113467251
10765,1805329276424653
10766,1627098794219794
10767,1575300009459868
10769,1416164845332275
10772,883393745123523
10774,698388483549349
10788,276174872897502
10789,237209493495418
10790,189782611564681
10792,156299261071198
10793,144516668938770
10794,111885628825512
10795,59627694441
10798,322349974937994
10799,2075226082704860
10824,868803686576031
10825,480922925288013
10829,119014631454687
10848,143642039007551
10849,370413774679
10850,173413016184
10851,76677196959
10852,622002831306889
10855,161736873861963
10860,1020526441311699
10861,966659206718727
10862,194112027637562
10864,935052903215689
10899,243594752358000
10923,796337347137114
10932,931293873647336
10939,1029707367087421
10943,102473740195903
10944,1944712952479606
10947,644504879018651
10948,244305389053292
10949,491952734163149
10950,179074242121987
10955,158622530877505
10957,51015437182
10974,1502670043356349
10975,346142762115761
10994,1166377676768439
10997,1053914847953504
11003,160093137454465
11005,178447050241
11006,134187866760349
11013,208603245975434
11017,487241224763509
11037,721665444634981
11038,18138904266
11044,506658716487300
11045,241583529577933
11048,922003761172132
11074,2202555821
11090,179903425443446
11095,715093242680245
11096,1047719681958918
11097,581019423049754
11099,182211735455962
11100,1867904053426932
11101,275798592569080
11103,292783291074189
11104,539002090950755
11105,554198471866504
11106,171620149575932
11108,763858490417299
11109,159228294755886
11110,503066729762426
11111,1717234895197131
11114,2467798960198657
11115,796665143799918
11116,816787778349578
11118,273632576091696
11124,678976118915405
11130,207167574739536
11132,120190576940297
11133,377566409261872
11134,510694980097193
11136,433147860557422
11142,1768612496737225
11143,338736872865459
11145,782999025083517
11150,201682489886277
11152,116652995072622
11153,160700984282788
11155,1467161666922337
11157,73203208283
11161,5337433675
11163,1617128385183698
11165,722754314454424
11168,117027645028587
11172,156879828095400
11184,289013392293437
11192,1240256949452042
11195,52780379692
11197,1310558069127012
11210,278862519493502
11217,356674311209231
11221,2256394598000495
11223,1232232090129552
11225,1788452374714332
11229,425293065135757
11237,355801354605410
11246,559406817768202
11249,116967584999397
11252,904802889654467
11266,348901095308
11277,811591319046064
11280,743240852357416
11285,254414918544059
11286,730855897059378
11287,453627449309024
11288,133833507245075
11291,1822215038025690
11295,148180302496914
11297,324294709808676
11298,433859811164173
11299,736697763125031
11301,870729336712789
11305,1342637729147057
11307,581614519868078
11309,8403530554
11310,1881252312197778
11313,146763195422016
11315,240104750530680
11317,165974301117
11318,819124298434000
11320,305856954536478
11321,832846120557775
11324,643619299012418
11326,506581492807233
11337,123696521322123
11338,762760217263236
11339,960328051463530
11340,254763788533793
11342,1594509117488599
11343,52734056600
11349,39047631192
11354,488847764806721
11359,334753240947835
11360,1370962702999790
11361,1626792820873442
11362,1422494671357275
11363,54060464995
11368,911321729479992
11369,3228724210730743
11373,660389767783223
11379,461674617719949
11380,354763764621857
11382,55444104425
11385,1346786168678881
11389,569360353208358
11390,1617615151786824
11391,131235420249257
11392,499416850230150
11393,861974653874222
11394,626919543992707
11396,2301689273483418
11400,14233764762
11407,2265758781
11414,118410303510612
11415,3102034193375460
11416,532385680220747
11417,358064395242269
11419,346146082163357
11427,110933038934298
11432,371432346240161
11434,2372789207
11444,326956144083253
11451,1483280131695147
11453,1177094615738142
11455,207226541365458
11465,126099960753859
11466,1428802414054262
11468,262120861099012
11471,200779447330208
11477,342191459508722
11481,347202382402347
11482,509118482591308
11487,165330434062821
11488,999521110136377
11493,2214698753
11494,222000823794
11497,193653744140762
11499,1814238445271950
11500,660480907865601
11513,847669908988517
11517,1671956089750418
11520,544915692773569
11524,1381386475437419
11525,478122455607948
11531,218901058547076
11532,1913318545626073
11537,474551826011201
11553,657024707814539
11555,111936988860978
11558,329180567159579
11566,1520989438139387
11577,477636922408562
11580,881645991869783
11591,1600920566803031
11596,2913728631987614
11598,2211809207
11600,557303264286725
11601,882138232527061
11603,177788381682
11617,3418244598189972
11618,345281405556443
11619,152052919129
11620,2104839163151158
11621,251758156221651
11636,224472054588045
11637,601412046604158
11640,108041473538
11642,909799652462201
11643,273026979726121
11644,424434157612083
11645,141981305954334
11674,301288313617596
11677,128252847243553
11679,906509889482128
11697,148578995272081
11708,132964688414
11709,179543012151112
11726,1067553889958962
11727,93173606953
11728,265044481383003
11729,568982423691936
11731,264594218061764
11737,1524885771177704
11742,641690843148608
11752,544330602384877
11753,201035423338255
11758,129055167283087
11760,150853517178
11761,1837196329773101
11764,282004692374960
11765,250244975064831
11770,293508115351314
11774,159446313483
11789,217799105225569
11790,1419821778163440
11791,375879907184593
11793,332677483845549
11815,291824394177194
11819,789120778156141
11943,563318404217575
11944,2244689407
11947,621153301592111
11950,166465623364601
11952,343385123877135
11954,2215667976
11956,654341088670706
11957,320687678456832
11958,1617151448600206
11959,3176339885764309
11966,1418051154928300
11968,460373118277235
11970,617024874990524
11975,1920247284866074
11976,768573203789007
11979,11187774156
11980,492799660743516
11982,633752010422348
11984,10608755117
11988,626242881150368
11989,147816282610184
11991,137135816694603
11992,2270406433202946
11996,127480484515207
11998,442871883525719
12000,569250387186599
12008,252801132640700
12009,2445222058896904
12010,1616136648645808
12012,302930426866
12018,761502287285469
12019,81020223631
12023,254430802000173
12032,94373403726
12036,1206905099825283
12041,3231158993671827
12054,2016199308641555
12056,481303855362052
12062,164298196963551
12063,440985789289712
12067,1640652432811777
12074,2615851658634792
12076,1781976355354759
12095,437998062974833
12099,67674618518
12113,262595848455366
12114,457226571096704
12118,1801916550026032
12120,1708643556079836
12141,226104827449552
12143,101305386600115
12145,284428986983
12161,162700020836
12165,571489523301114
12166,100527453363941
12167,114336812085541
12169,121189700478
12199,238636356312182
12201,207217944723885
12204,1065465553543228
12208,209530132870
12209,274656362888909
12215,190952327623002
12222,536415279763727
12230,1668095366671643
12231,153918631330433
12232,211398038977354
12240,1532743120329719
12242,673289106103178
12248,391846630939854
12255,1003026119731518
12263,235897565229
12271,585007421979914
12276,2322036214759361
12280,276101212490160
12309,866631423373533
12327,344805162379749
12342,208802505933373
12346,110713701504
12349,759157320789588
12359,1175766279142286
12363,1723013834435959
12372,235895293555985
12402,1767010893512698
12403,2325718703
12407,816985215053942
12418,100382970307681
12423,428899220633724
12431,556061698629743
12456,51893596691
12471,1603522916576464
12474,849472408422212
12475,1066260033398000
12491,569504137399175
12492,401934420157189
12497,270025060034985
12499,148899005356
12500,241354332941633
12506,1553675208095186
12510,333384500806424
12516,1380855232185752
12528,70109753055
12532,2676078019313977
12539,277027972921989
12548,951684975528431
12549,426530201113242
12550,128138070708252
12551,791448630944580
12554,131126056905033
12560,1875070672747799
12589,247709816142891
12592,1303385659802363
12620,423043337871322
12625,788001937903384
12627,558513098123584
12649,1485612051748305
12655,132903023997
12659,1631545530455600
12667,1485706351456943
12672,147266708625804
12676,428332364575446
12677,372842780028916
12678,23121297448
12705,105242037796
12708,1672919143016477
12709,244227030294904
12714,158954987453084
12722,1717491445229429
12723,141930325917267
12736,1696802853933321
12737,328466534150956
12738,318625781484369
12740,1508343246150322
12741,845161008914643
12745,1641268422793951
12748,772159363344951
12749,475978033461541
12754,1112559792619051
12757,105793912863528
12764,811499009294307
12774,243372239426226
12777,1233429607042961
12780,102318676520234
12790,421748048162530
12791,221712770030632
12796,764341693598825
12797,2130036173888858
12804,517022238508560
12806,724509688137385
12817,1800117906669411
12821,1217942038366795
12828,399266361499124
12829,227368244305300
12830,2657178784602772
12834,172402990061
12840,649040875839183
12841,201831570008269
12843,737946232963361
12844,223291284931081
12847,203177751636761
12861,492552264108694
12862,1707144266204882
12863,2313403519
12864,1604033463255270
12870,266378278953974
12875,660339097648871
12877,2716867515259746
12881,1026263097704936
12882,150997701758884
12884,382084779289649
12886,1477926659189741
12887,2159307437460021
12897,1067974999902581
12899,681527712503775
12905,1204563309581957
12906,257851255526972
12909,219992436040552
12915,595124188054337
12916,543357256209227
12918,7201673713
12928,255652998539273
12930,341751406626333
12931,1415911518699101
12932,327637701504155
12951,418560585664754
12952,157806944243219
12963,135263893484028
12964,328569343833866
12966,133133836763588
12969,2003881896526176
12972,30167461442
12976,120597618029065
12981,1142558479440639
12982,992468200794077
12985,592709790935307
12990,838347923416055
12991,699708040048048
12992,2473268829433482
12993,173901476663648
12995,382529122664980
12996,358308507872360
12997,336027970440287
12998,391245808382954
13001,1638789439514224
13002,226437524176929
13006,624241714288976
13008,25807497650
13012,1209877582745789
13013,55623986203
13019,454074474701217
13023,199043387236334
13024,2411449699098398
13025,751225878398098
13027,256575948051987
13030,144318622252100
13031,719755414749913
13032,44677644405
13033,17059739512
13035,1335920653173728
13037,53714458781
13038,375451866190224
13040,854640544742982
13041,2060152537542475
13045,742985139150026
13048,706113156960336
13057,768736216571646
13059,1311756349285312
13066,727458333943880
13070,762728813836328
13079,1674989169437627
13083,347461379576634
13087,1139093102796310
13093,305616770243603
13111,202925631112385
13117,468589786509086
13121,343800696472433
13126,821849447868559
13138,109249025076
13152,978446108926274
13162,508251942709679
13167,1202730423112278
13179,230406428568945
13182,1433587997015633
13183,269894437627476
13184,293418101806798
13186,1367370146794332
13191,1786768191615785
13192,726862170784116
13193,399035027227290
13195,357661848216726
13205,610643485750450
13206,194441000598092
13207,401590619893402
13208,234755093536089
13209,301418079885711
13211,1888054571302776
13217,1656216344639988
13223,1665634453700378
13227,1004509749584428
13228,221664271204784
13254,705243656562160
13259,210642452348705
13261,58056838519
13262,461948101532683
13273,159794487380970
13276,169372520234527
13277,1541750596035603
13281,188772136473506
13284,145124065568992
13286,38692291272
13288,407146807437555
13296,215105228957817
13302,1555177921360889
13303,117819100093
13306,1544818765732297
13310,717625294960109
13315,525829067468667
13319,2846372425646823
13321,204262816370516
13329,1801146626827240
13330,468660526559539
13332,1540910442884136
13333,159086267450275
13346,466375874014258
13347,964282111092505
13367,3463061547118267
13368,286664199144787
13382,402813839922057
13383,1402988090024069
13397,412499443001005
13408,1435545876711331
13410,1599468763694272
13417,298559346830428
13451,2805283519683106
13455,226574324912
13458,382311376028612
13479,1860032904326296
13513,1262601117412759
13541,219255118093318
13542,973572179365534
13545,189795754938215
13546,222316090402
13547,1077192245648736
13548,23255895925
13593,407530881035055
13595,771162523005532
13596,1286740825064641
13598,797234113779718
13604,2124288817814355
13619,235229920330201
13630,51396707609
13639,145354006144561
13649,364069446985254
13650,43771802245
13750,180241762106186
13753,164991473568763
13757,124013367625262
13761,920081955062237
13762,2175109849368606
13764,412598912095494
13767,545037442995826
13776,1634785350083269
13791,35557933149
13794,836749326364090
13799,2232628384
13824,1811886075543530
13842,1087843534603970
13845,249956341723832
13846,572859872888766
13851,124705927568385
13852,1715035815416588
13896,199212213470455
